Date,BE,SPY
2023-01-03,19.190001,363.232025
2023-01-04,20.120001,366.036224
2023-01-05,19.160000,361.858490
2023-01-06,19.030001,370.156616
2023-01-09,19.889999,369.946838
2023-01-10,22.000000,372.541199
2023-01-11,23.049999,377.253082
2023-01-12,23.629999,378.626526
2023-01-13,23.170000,380.095459
2023-01-17,23.920000,379.399139
2023-01-18,23.809999,373.409149
2023-01-19,22.680000,370.690826
2023-01-20,24.040001,377.596497
2023-01-23,25.360001,382.127075
2023-01-24,24.990000,381.716919
2023-01-25,25.290001,381.859985
2023-01-26,24.770000,386.056763
2023-01-27,25.000000,386.943817
2023-01-30,24.180000,382.088928
2023-01-31,24.930000,387.706879
2023-02-01,25.420000,391.827393
2023-02-02,25.629999,397.531158
2023-02-03,24.690001,393.305817
2023-02-06,24.129999,390.902191
2023-02-07,24.280001,396.014618
2023-02-08,23.889999,391.684296
2023-02-09,23.639999,388.288727
2023-02-10,24.049999,389.194946
2023-02-13,23.299999,393.763580
2023-02-14,23.209999,393.582397
2023-02-15,24.410000,394.860535
2023-02-16,23.389999,389.423798
2023-02-17,23.490000,388.450897
2023-02-21,22.379999,380.658142
2023-02-22,22.420000,380.133606
2023-02-23,22.379999,382.155701
2023-02-24,21.320000,378.073425
2023-02-27,21.600000,379.361023
2023-02-28,21.690001,377.958893
2023-03-01,21.900000,376.509064
2023-03-02,21.680000,379.437317
2023-03-03,22.680000,385.522644
2023-03-06,22.780001,385.789703
2023-03-07,22.719999,379.876038
2023-03-08,22.340000,380.496063
2023-03-09,21.230000,373.475952
2023-03-10,20.120001,368.086945
2023-03-13,19.940001,367.562317
2023-03-14,20.150000,373.638092
2023-03-15,18.930000,371.301239
2023-03-16,18.020000,377.815796
2023-03-17,17.150000,373.398071
2023-03-20,17.200001,376.988586
2023-03-21,18.330000,381.938629
2023-03-22,17.750000,375.427948
2023-03-23,18.299999,376.442810
2023-03-24,18.280001,378.913055
2023-03-27,18.030001,379.621613
2023-03-28,18.090000,378.769470
2023-03-29,19.000000,384.274841
2023-03-30,19.549999,386.524872
2023-03-31,19.930000,391.972809
2023-04-03,20.160000,393.466400
2023-04-04,19.049999,391.283386
2023-04-05,18.260000,390.258911
2023-04-06,17.760000,391.781281
2023-04-10,18.410000,392.183319
2023-04-11,18.940001,392.288757
2023-04-12,18.480000,390.689789
2023-04-13,18.459999,395.879181
2023-04-14,18.250000,394.912140
2023-04-17,18.639999,396.329254
2023-04-18,18.299999,396.587677
2023-04-19,18.420000,396.520691
2023-04-20,18.139999,394.356873
2023-04-21,17.850000,394.663208
2023-04-24,17.879999,395.074890
2023-04-25,17.020000,388.803558
2023-04-26,16.450001,387.156738
2023-04-27,16.680000,394.864258
2023-04-28,16.650000,398.234528
2023-05-01,16.520000,397.832367
2023-05-02,15.960000,393.361023
2023-05-03,16.500000,390.661072
2023-05-04,16.139999,387.894012
2023-05-05,17.000000,395.074890
2023-05-08,16.950001,395.180298
2023-05-09,16.610001,393.447235
2023-05-10,15.200000,395.285553
2023-05-11,13.230000,394.596191
2023-05-12,12.720000,394.079132
2023-05-15,13.130000,395.438751
2023-05-16,13.120000,392.796112
2023-05-17,13.790000,397.564362
2023-05-18,13.650000,401.394104
2023-05-19,13.940000,400.810059
2023-05-22,14.780000,400.972809
2023-05-23,14.830000,396.472778
2023-05-24,13.800000,393.600464
2023-05-25,13.550000,397.008972
2023-05-26,13.990000,402.150482
2023-05-30,13.950000,402.303741
2023-05-31,13.720000,400.072845
2023-06-01,13.960000,403.873932
2023-06-02,14.420000,409.714386
2023-06-05,14.180000,408.929291
2023-06-06,15.120000,409.819794
2023-06-07,15.780000,408.402679
2023-06-08,15.210000,410.872925
2023-06-09,15.140000,411.610168
2023-06-12,16.850000,415.344269
2023-06-13,17.660000,418.082672
2023-06-14,16.850000,418.580444
2023-06-15,17.340000,423.769897
2023-06-16,17.160000,422.326385
2023-06-20,16.870001,420.135345
2023-06-21,16.500000,417.982666
2023-06-22,16.230000,419.491455
2023-06-23,15.440000,416.320068
2023-06-26,15.510000,414.619141
2023-06-27,15.990000,419.164795
2023-06-28,16.180000,419.376099
2023-06-29,16.250000,421.029053
2023-06-30,16.350000,425.997467
2023-07-03,16.320000,426.487640
2023-07-05,16.250000,425.853363
2023-07-06,15.550000,422.518616
2023-07-07,16.690001,421.451904
2023-07-10,17.370001,422.518616
2023-07-11,17.670000,425.209442
2023-07-12,17.590000,428.630676
2023-07-13,17.930000,432.032745
2023-07-14,17.590000,431.763611
2023-07-17,18.420000,433.262756
2023-07-18,18.200001,436.482086
2023-07-19,17.770000,437.452820
2023-07-20,17.389999,434.550507
2023-07-21,17.570000,434.550507
2023-07-24,17.799999,436.491730
2023-07-25,17.450001,437.683472
2023-07-26,17.889999,437.750641
2023-07-27,17.280001,434.848419
2023-07-28,17.360001,439.105682
2023-07-31,17.860001,439.941772
2023-08-01,17.670000,438.682892
2023-08-02,16.770000,432.580414
2023-08-03,16.570000,431.340668
2023-08-04,15.880000,429.389801
2023-08-07,15.720000,433.137817
2023-08-08,15.760000,431.254181
2023-08-09,15.570000,428.371124
2023-08-10,14.970000,428.524902
2023-08-11,15.060000,428.275116
2023-08-14,15.470000,430.639160
2023-08-15,14.810000,425.622742
2023-08-16,14.610000,422.499420
2023-08-17,14.450000,419.280060
2023-08-18,14.490000,419.481812
2023-08-21,14.420000,422.211090
2023-08-22,14.260000,421.067566
2023-08-23,14.680000,425.757263
2023-08-24,14.350000,419.856628
2023-08-25,14.460000,422.816559
2023-08-28,14.870000,425.497864
2023-08-29,15.450000,431.648224
2023-08-30,15.150000,433.426086
2023-08-31,14.990000,432.791809
2023-09-01,15.160000,433.599121
2023-09-05,15.100000,431.725128
2023-09-06,15.100000,428.822876
2023-09-07,15.050000,427.506256
2023-09-08,14.710000,428.150177
2023-09-11,15.100000,430.965912
2023-09-12,15.410000,428.601776
2023-09-13,15.030000,429.101654
2023-09-14,15.550000,432.801422
2023-09-15,15.120000,427.586884
2023-09-18,14.470000,427.837646
2023-09-19,14.670000,426.950439
2023-09-20,14.400000,423.025330
2023-09-21,13.780000,416.033447
2023-09-22,13.570000,415.097931
2023-09-25,13.730000,416.843506
2023-09-26,13.350000,410.719543
2023-09-27,13.420000,410.883484
2023-09-28,13.230000,413.265564
2023-09-29,13.260000,412.262634
2023-10-02,12.190000,412.098602
2023-10-03,11.540000,406.582184
2023-10-04,11.380000,409.542969
2023-10-05,10.740000,409.388641
2023-10-06,11.130000,414.249268
2023-10-09,10.550000,416.901398
2023-10-10,11.460000,419.071228
2023-10-11,11.840000,420.787903
2023-10-12,11.410000,418.222595
2023-10-13,11.430000,416.139465
2023-10-16,12.390000,420.517883
2023-10-17,12.420000,420.498596
2023-10-18,12.020000,414.895416
2023-10-19,11.940000,411.249969
2023-10-20,11.310000,406.196533
2023-10-23,11.250000,405.492462
2023-10-24,11.750000,408.549683
2023-10-25,11.350000,402.686035
2023-10-26,10.860000,397.864014
2023-10-27,9.780000,396.060608
2023-10-30,10.010000,400.795837
2023-10-31,10.400000,403.312958
2023-11-01,10.020000,407.614166
2023-11-02,10.760000,415.425873
2023-11-03,10.800000,419.215912
2023-11-06,10.090000,420.180328
2023-11-07,9.930000,421.376160
2023-11-08,10.030000,421.684784
2023-11-09,10.870000,418.396210
2023-11-10,10.540000,424.925140
2023-11-13,10.610000,424.520142
2023-11-14,12.350000,432.756104
2023-11-15,12.530000,433.672302
2023-11-16,12.420000,434.202698
2023-11-17,12.570000,434.742767
2023-11-20,12.860000,438.089233
2023-11-21,12.820000,437.134521
2023-11-22,13.120000,438.822205
2023-11-24,13.210000,439.092163
2023-11-27,13.010000,438.301453
2023-11-28,13.550000,438.735321
2023-11-29,14.310000,438.426849
2023-11-30,14.440000,440.153107
2023-12-01,15.380000,442.756989
2023-12-04,15.520000,440.432831
2023-12-05,14.910000,440.345947
2023-12-06,14.210000,438.571472
2023-12-07,13.880000,441.917938
2023-12-08,13.910000,443.817841
2023-12-11,13.510000,445.544098
2023-12-12,12.870000,447.579010
2023-12-13,13.560000,453.751160
2023-12-14,14.410000,455.207367
2023-12-15,14.200000,454.457916
2023-12-18,13.720000,457.014282
2023-12-19,14.310000,459.793335
2023-12-20,13.840000,453.421844
2023-12-21,14.760000,457.721161
2023-12-22,14.880000,458.641022
2023-12-26,15.090000,460.577667
2023-12-27,15.250000,461.410370
2023-12-28,15.230000,461.584686
2023-12-29,14.800000,460.248413
2024-01-02,14.760000,457.672729
2024-01-03,14.020000,453.935059
2024-01-04,13.910000,452.472931
2024-01-05,13.770000,453.092651
2024-01-08,13.890000,459.560944
2024-01-09,13.320000,458.863739
2024-01-10,13.470000,461.458862
2024-01-11,12.970000,461.255402
2024-01-12,12.730000,461.575012
2024-01-16,11.850000,459.880463
2024-01-17,11.260000,457.324158
2024-01-18,11.270000,461.391022
2024-01-19,11.400000,467.142792
2024-01-22,12.060000,468.130554
2024-01-23,11.930000,469.495789
2024-01-24,11.870000,470.009064
2024-01-25,12.470000,472.565369
2024-01-26,12.470000,471.965027
2024-01-29,11.900000,475.702637
2024-01-30,11.360000,475.334778
2024-01-31,11.320000,467.578491
2024-02-01,12.010000,473.698334
2024-02-02,11.600000,478.685120
2024-02-05,11.030000,476.942078
2024-02-06,11.310000,478.326843
2024-02-07,11.300000,482.316223
2024-02-08,11.520000,482.529297
2024-02-09,11.530000,485.317993
2024-02-12,12.320000,485.104980
2024-02-13,11.250000,478.423615
2024-02-14,11.710000,482.771362
2024-02-15,11.970000,486.102386
2024-02-16,9.880000,483.681580
2024-02-20,8.920000,481.018738
2024-02-21,8.960000,481.454437
2024-02-22,8.600000,491.418427
2024-02-23,8.580000,491.757324
2024-02-26,8.700000,489.956238
2024-02-27,9.320000,490.866425
2024-02-28,8.990000,490.217773
2024-02-29,8.770000,491.979980
2024-03-01,9.080000,496.598846
2024-03-04,9.030000,496.066223
2024-03-05,9.120000,491.108551
2024-03-06,9.540000,493.597076
2024-03-07,10.440000,498.496735
2024-03-08,10.310000,495.504669
2024-03-11,10.460000,495.078552
2024-03-12,10.300000,500.404419
2024-03-13,10.030000,499.619934
2024-03-14,9.030000,498.632324
2024-03-15,9.260000,495.208435
2024-03-18,9.780000,498.151520
2024-03-19,9.470000,500.919830
2024-03-20,9.590000,505.553040
2024-03-21,9.820000,507.223633
2024-03-22,9.870000,506.262085
2024-03-25,10.040000,504.863342
2024-03-26,10.800000,503.930847
2024-03-27,11.030000,508.165802
2024-03-28,11.240000,508.068756
2024-04-01,11.730000,507.184753
2024-04-02,11.750000,503.960022
2024-04-03,11.710000,504.513611
2024-04-04,11.790000,498.355530
2024-04-05,11.690000,503.561798
2024-04-08,11.670000,503.843445
2024-04-09,11.880000,504.426208
2024-04-10,11.420000,499.375427
2024-04-11,11.380000,503.144104
2024-04-12,10.740000,496.199188
2024-04-15,10.240000,489.982697
2024-04-16,9.880000,489.089111
2024-04-17,9.800000,486.194550
2024-04-18,9.750000,485.194092
2024-04-19,9.630000,480.959167
2024-04-22,9.320000,485.388397
2024-04-23,9.830000,491.148315
2024-04-24,9.640000,490.915222
2024-04-25,9.550000,489.050232
2024-04-26,10.600000,493.683411
2024-04-29,10.990000,495.431824
2024-04-30,11.130000,487.583527
2024-05-01,11.310000,486.000305
2024-05-02,11.440000,490.546112
2024-05-03,11.800000,496.626556
2024-05-06,12.200000,501.755157
2024-05-07,11.770000,502.308807
2024-05-08,11.800000,502.357391
2024-05-09,11.740000,505.251862
2024-05-10,11.160000,505.902740
2024-05-13,11.550000,505.970642
2024-05-14,12.480000,508.292084
2024-05-15,12.860000,514.586304
2024-05-16,12.230000,513.527527
2024-05-17,12.330000,514.265747
2024-05-20,12.920000,514.858276
2024-05-21,15.130000,516.120911
2024-05-22,17.000000,514.634888
2024-05-23,15.730000,510.875854
2024-05-24,16.290001,514.255981
2024-05-28,16.530001,514.615417
2024-05-29,15.520000,511.011871
2024-05-30,16.639999,507.621918
2024-05-31,16.320000,512.245422
2024-06-03,15.750000,512.663025
2024-06-04,15.020000,513.236145
2024-06-05,15.680000,519.335938
2024-06-06,15.350000,519.326355
2024-06-07,14.840000,518.694946
2024-06-10,15.130000,520.297668
2024-06-11,14.750000,521.550659
2024-06-12,15.310000,525.834229
2024-06-13,15.100000,526.892822
2024-06-14,14.330000,527.213501
2024-06-17,13.950000,531.409546
2024-06-18,13.650000,532.759644
2024-06-20,14.010000,531.312317
2024-06-21,12.820000,530.600159
2024-06-24,13.240000,528.875244
2024-06-25,13.320000,530.911926
2024-06-26,12.620000,531.574646
2024-06-27,13.040000,532.412537
2024-06-28,12.240000,530.317505
2024-07-01,11.370000,531.408936
2024-07-02,10.820000,534.985107
2024-07-03,11.850000,537.372559
2024-07-05,12.160000,540.471436
2024-07-08,12.410000,541.094971
2024-07-09,12.260000,541.621155
2024-07-10,12.800000,546.980591
2024-07-11,13.370000,542.264282
2024-07-12,13.970000,545.684692
2024-07-15,14.540000,547.185303
2024-07-16,15.080000,550.430298
2024-07-17,15.280000,542.712646
2024-07-18,14.650000,538.541870
2024-07-19,14.180000,534.965637
2024-07-22,14.250000,540.481079
2024-07-23,15.110000,539.633362
2024-07-24,14.480000,527.403931
2024-07-25,14.480000,524.655945
2024-07-26,14.510000,530.531860
2024-07-29,13.790000,530.843750
2024-07-30,13.070000,528.154175
2024-07-31,13.540000,536.739197
2024-08-01,12.500000,529.138428
2024-08-02,11.790000,519.286804
2024-08-05,10.900000,504.163147
2024-08-06,10.650000,508.811310
2024-08-07,9.900000,505.410400
2024-08-08,10.540000,517.094238
2024-08-09,11.490000,519.374390
2024-08-12,11.140000,519.647217
2024-08-13,11.860000,528.193176
2024-08-14,11.410000,529.859558
2024-08-15,11.980000,538.941406
2024-08-16,11.610000,540.149780
2024-08-19,11.790000,545.314331
2024-08-20,11.510000,544.427612
2024-08-21,11.580000,546.298401
2024-08-22,11.240000,542.010925
2024-08-23,11.860000,547.770020
2024-08-26,11.870000,546.464233
2024-08-27,11.770000,547.214600
2024-08-28,11.340000,544.037842
2024-08-29,11.900000,544.086426
2024-08-30,11.910000,549.280396
2024-09-03,11.020000,537.976807
2024-09-04,11.170000,536.875549
2024-09-05,11.030000,535.569824
2024-09-06,9.950000,526.556152
2024-09-09,9.750000,532.451538
2024-09-10,10.150000,534.770752
2024-09-11,10.640000,540.256836
2024-09-12,10.380000,544.807678
2024-09-13,10.200000,547.653015
2024-09-16,9.780000,548.461853
2024-09-17,10.090000,548.685852
2024-09-18,10.140000,547.058777
2024-09-19,10.240000,556.393921
2024-09-20,10.910000,555.432129
2024-09-23,10.860000,556.820129
2024-09-24,10.540000,558.413208
2024-09-25,10.180000,557.181702
2024-09-26,10.410000,559.390747
2024-09-27,10.700000,558.579407
2024-09-30,10.560000,560.817810
2024-10-01,10.210000,555.793762
2024-10-02,10.730000,556.028381
2024-10-03,10.650000,555.011780
2024-10-04,10.830000,560.055481
2024-10-07,10.360000,554.992249
2024-10-08,10.250000,560.241028
2024-10-09,10.560000,564.121582
2024-10-10,10.220000,563.134338
2024-10-11,10.740000,566.506592
2024-10-14,10.460000,571.139526
2024-10-15,10.460000,566.701965
2024-10-16,10.410000,569.165283
2024-10-17,10.160000,569.214050
2024-10-18,10.160000,571.403564
2024-10-21,9.870000,570.465149
2024-10-22,9.730000,570.162170
2024-10-23,9.040000,564.952393
2024-10-24,9.190000,566.174194
2024-10-25,9.500000,565.978638
2024-10-28,10.150000,567.728271
2024-10-29,10.140000,568.647156
2024-10-30,10.100000,566.926819
2024-10-31,9.600000,555.813354
2024-11-01,9.940000,558.159119
2024-11-04,10.820000,556.956909
2024-11-05,11.400000,563.691589
2024-11-06,10.970000,577.707947
2024-11-07,10.670000,582.174988
2024-11-08,13.170000,584.696838
2024-11-11,13.620000,585.253906
2024-11-12,13.540000,583.435791
2024-11-13,13.600000,583.719299
2024-11-14,13.280000,579.965881
2024-11-15,21.139999,572.537415
2024-11-18,22.809999,574.883240
2024-11-19,23.750000,576.984680
2024-11-20,24.799999,577.180237
2024-11-21,23.940001,580.278748
2024-11-22,25.760000,582.077209
2024-11-25,25.950001,584.051575
2024-11-26,26.170000,587.101318
2024-11-27,27.209999,585.322388
2024-11-29,27.450001,588.958374
2024-12-02,26.920000,590.014038
2024-12-03,26.139999,590.287659
2024-12-04,26.280001,593.953064
2024-12-05,25.959999,592.975708
2024-12-06,27.080000,594.099731
2024-12-09,26.580000,591.040344
2024-12-10,23.469999,589.202759
2024-12-11,23.600000,593.757690
2024-12-12,24.809999,590.698303
2024-12-13,25.590000,590.580933
2024-12-16,26.150000,593.102783
2024-12-17,24.770000,590.659058
2024-12-18,23.459999,573.055481
2024-12-19,22.879999,572.879456
2024-12-20,24.120001,579.760254
2024-12-23,24.200001,583.232117
2024-12-24,24.330000,589.714783
2024-12-26,24.330000,589.753967
2024-12-27,22.900000,583.545898
2024-12-30,22.510000,576.886719
2024-12-31,22.209999,574.788025
2025-01-02,23.370001,573.375732
2025-01-03,24.320000,580.544922
2025-01-06,25.480000,583.889160
2025-01-07,25.059999,577.288879
2025-01-08,24.379999,578.132263
2025-01-10,23.580000,569.305603
2025-01-13,23.030001,570.188293
2025-01-14,22.299999,570.972961
2025-01-15,22.650000,581.358948
2025-01-16,23.559999,580.240845
2025-01-17,23.920000,586.066406
2025-01-21,25.750000,591.430969
2025-01-22,25.530001,594.755615
2025-01-23,27.670000,598.002014
2025-01-24,29.809999,596.256165
2025-01-27,22.420000,587.821838
2025-01-28,20.400000,592.872681
2025-01-29,22.379999,590.214905
2025-01-30,23.520000,593.382568
2025-01-31,23.580000,590.224731
2025-02-03,23.570000,586.252808
2025-02-04,23.110001,590.185364
2025-02-05,24.260000,592.578369
2025-02-06,24.780001,594.638000
2025-02-07,24.780001,589.194946
2025-02-10,25.389999,593.196289
2025-02-11,24.070000,593.647461
2025-02-12,23.480000,591.734985
2025-02-13,24.709999,597.982361
2025-02-14,25.410000,597.952881
2025-02-18,26.020000,599.708374
2025-02-19,26.500000,601.120605
2025-02-20,25.990000,598.619812
2025-02-21,24.170000,588.380920
2025-02-24,22.700001,585.703552
2025-02-25,21.969999,582.790771
2025-02-26,23.400000,583.084900
2025-02-27,23.040001,573.777893
2025-02-28,24.020000,582.731934
2025-03-03,23.420000,572.522461
2025-03-04,22.700001,565.745605
2025-03-05,24.120001,571.826111
2025-03-06,22.389999,561.675598
2025-03-07,23.080000,564.823730
2025-03-10,22.620001,549.779236
2025-03-11,25.000000,545.209045
2025-03-12,24.549999,548.102234
2025-03-13,23.930000,540.795776
2025-03-14,24.469999,551.966309
2025-03-17,24.190001,556.222717
2025-03-18,23.809999,550.210876
2025-03-19,24.309999,556.203064
2025-03-20,25.410000,554.594666
2025-03-21,23.950001,554.777588
2025-03-24,23.030001,564.712891
2025-03-25,23.110001,566.070374
2025-03-26,22.280001,559.312439
2025-03-27,21.990000,557.827087
2025-03-28,20.330000,546.593384
2025-03-31,19.660000,550.262512
2025-04-01,21.240000,551.816711
2025-04-02,21.120001,555.308899
2025-04-03,19.340000,527.942810
2025-04-04,16.600000,497.035461
2025-04-07,17.240000,496.150116
2025-04-08,17.020000,488.379059
2025-04-09,17.870001,539.668335
2025-04-10,16.850000,516.020569
2025-04-11,17.639999,525.227783
2025-04-14,17.900000,530.323242
2025-04-15,18.309999,528.837891
2025-04-16,17.830000,517.082825
2025-04-17,17.000000,517.820679
2025-04-21,16.379999,505.495117
2025-04-22,16.879999,518.646973
2025-04-23,17.260000,526.683655
2025-04-24,18.139999,537.769775
2025-04-25,18.930000,541.655334
2025-04-28,19.240000,541.861816
2025-04-29,18.910000,545.275269
2025-04-30,18.320000,545.491699
2025-05-01,16.809999,549.357544
2025-05-02,16.440001,557.512268
2025-05-05,16.320000,554.315308
2025-05-06,16.340000,549.682190
2025-05-07,16.530001,551.993896
2025-05-08,17.240000,555.839966
2025-05-09,17.620001,555.131775
2025-05-12,18.910000,573.477417
2025-05-13,19.160000,577.264648
2025-05-14,20.250000,578.002380
2025-05-15,19.820000,580.825562
2025-05-16,20.110001,584.504517
2025-05-19,19.230000,585.143860
2025-05-20,19.110001,583.176575
2025-05-21,18.209999,573.349487
2025-05-22,18.370001,573.575806
2025-05-23,19.480000,569.660828
2025-05-27,19.760000,581.504395
2025-05-28,19.590000,578.140137
2025-05-29,18.570000,580.422241
2025-05-30,18.469999,579.773071
2025-06-02,18.280001,583.038940
2025-06-03,20.410000,586.363770
2025-06-04,20.250000,586.206360
2025-06-05,20.450001,583.373230
2025-06-06,21.780001,589.364014
2025-06-09,21.430000,589.895081
2025-06-10,21.629999,593.239624
2025-06-11,22.530001,591.547607
2025-06-12,22.250000,593.898682
2025-06-13,21.950001,587.258850
2025-06-16,22.910000,592.846130
2025-06-17,21.340000,587.780212
2025-06-18,21.500000,587.691711
2025-06-20,21.750000,586.311462
2025-06-23,22.559999,592.102661
2025-06-24,22.950001,598.643921
2025-06-25,21.600000,598.979309
2025-06-26,22.330000,603.665527
2025-06-27,22.180000,606.664734
2025-06-30,23.920000,609.565430
2025-07-01,22.129999,609.368164
2025-07-02,22.559999,612.130615
2025-07-03,24.240000,616.954956
2025-07-07,24.360001,612.357361
2025-07-08,24.299999,612.022034
2025-07-09,28.709999,615.692139
2025-07-10,25.850000,617.428467
2025-07-11,25.400000,615.257996
2025-07-14,25.959999,616.432129
2025-07-15,25.309999,613.797913
2025-07-16,24.690001,615.849976
2025-07-17,24.309999,619.618713
2025-07-18,24.990000,619.164856
2025-07-21,25.360001,620.338989
2025-07-22,25.930000,620.427734
2025-07-23,26.889999,625.706055
2025-07-24,33.060001,625.913208
2025-07-25,34.340000,628.557312
2025-07-28,34.779999,628.399414
2025-07-29,34.750000,626.741943
2025-07-30,37.619999,625.952698
2025-07-31,37.389999,623.604614
2025-08-01,36.720001,613.383545
2025-08-04,36.099998,622.706787
2025-08-05,37.610001,619.549683
2025-08-06,38.860001,624.295227
2025-08-07,36.799999,623.772217
2025-08-08,36.799999,628.636169
2025-08-11,37.650002,627.393005
2025-08-12,41.250000,634.072327
2025-08-13,44.080002,636.242798
2025-08-14,45.110001,636.302063
2025-08-15,45.279999,634.812317
2025-08-18,46.500000,634.674072
2025-08-19,43.099998,631.230957
2025-08-20,44.509998,629.553711
2025-08-21,44.830002,627.028076
2025-08-22,48.540001,636.657104
2025-08-25,49.349998,633.855225
2025-08-26,49.939999,636.509155
2025-08-27,50.849998,637.959473
2025-08-28,54.799999,640.218689
2025-08-29,52.939999,636.400696
2025-09-02,51.349998,631.684814
2025-09-03,52.450001,635.108215
2025-09-04,54.910000,640.416016
2025-09-05,57.070000,638.561279
2025-09-08,53.439999,640.129944
2025-09-09,55.000000,641.609924
2025-09-10,62.959999,643.464661
2025-09-11,67.290001,648.812073
2025-09-12,67.260002,648.594910
2025-09-15,67.019997,652.047913
2025-09-16,73.290001,651.150208
2025-09-17,79.669998,650.341187
2025-09-18,80.970001,653.379944
2025-09-19,84.930000,656.616028
2025-09-22,86.269997,659.722534
2025-09-23,77.379997,656.131348
2025-09-24,69.180000,654.043762
2025-09-25,68.690002,651.026306
2025-09-26,70.320000,654.756104
2025-09-29,73.599998,656.596252
2025-09-30,84.570000,659.069519
2025-10-01,90.190002,661.315369
2025-10-02,88.000000,662.077026
2025-10-03,90.290001,662.067200
2025-10-06,86.970001,664.441528
2025-10-07,86.059998,661.978149
2025-10-08,87.580002,665.925537
2025-10-09,86.650002,663.996399
2025-10-10,86.870003,646.049988
2025-10-13,109.910004,655.963013
2025-10-14,114.059998,655.161682
2025-10-15,116.580002,658.070251
2025-10-16,115.089996,653.588623
2025-10-17,111.500000,657.298645
2025-10-20,109.059998,664.134888
2025-10-21,104.379997,664.124939
2025-10-22,94.370003,660.672241
2025-10-23,101.419998,664.589966
2025-10-24,110.379997,670.021362
2025-10-27,108.529999,677.926086
2025-10-28,113.279999,679.726624
2025-10-29,133.710007,680.053101
2025-10-30,127.849998,672.573914
2025-10-31,132.160004,674.780029
2025-11-03,142.369995,676.046326
2025-11-04,129.050003,668.032776
2025-11-05,141.410004,670.347778
2025-11-06,136.860001,663.155457
2025-11-07,135.210007,663.808350
2025-11-10,139.229996,674.166626
2025-11-11,127.070000,675.710022
2025-11-12,126.720001,676.085999
2025-11-13,103.550003,664.867004
2025-11-14,111.889999,664.758118
2025-11-17,107.110001,658.564941
2025-11-18,104.970001,653.034668
2025-11-19,108.930000,655.557373
2025-11-20,93.379997,645.565247
2025-11-21,89.989998,651.995850
2025-11-24,95.559998,661.592285
2025-11-25,94.290001,667.815247
2025-11-26,101.139999,672.425476
2025-11-28,109.239998,676.095825
2025-12-01,98.930000,673.009155
2025-12-02,105.000000,674.255676
2025-12-03,102.500000,676.590515
2025-12-04,118.089996,677.085144
2025-12-05,119.180000,678.371277
2025-12-08,111.790001,676.333252
2025-12-09,109.440002,675.749573
2025-12-10,101.290001,680.231262
2025-12-11,108.989998,681.814148
2025-12-12,94.980003,674.483276
2025-12-15,89.580002,673.464172
2025-12-16,87.610001,671.624084
2025-12-17,76.970001,664.233826
2025-12-18,80.209999,669.249695
2025-12-19,88.820000,675.315369
2025-12-22,92.260002,679.522522
2025-12-23,91.430000,682.628174
2025-12-24,91.879997,685.029480
2025-12-26,90.180000,684.960022
2025-12-29,88.410004,682.519043
2025-12-30,87.260002,681.685608
2025-12-31,86.889999,676.635010
